Time,V1,V2,V3,V4,V5,V6,V7,V8,V9,V10,V11,V12,V13,V14,V15,V16,V17,V18,V19,V20,V21,V22,V23,V24,V25,V26,V27,V28,Amount,Class
-0.5395020514485332,0.5382185117285614,-0.4619066223640503,0.1050952074958542,0.4727494222827175,0.8072869311802365,3.583372634175482,-1.253122163324651,1.108803286367951,1.4300897316064878,-0.323763386738965,-1.21593785575878,0.6119771550015192,-0.2508656953079036,-0.9811052138282924,-1.5399809641103568,-0.2203797352436387,-0.2148630931384592,0.2692516504331984,0.6611135896294301,0.0659862110901715,-0.1336738673848661,-0.0410522151922302,-0.2754426187832769,1.7287691192382593,1.3407542952390403,-0.4524158679443998,0.2532113121644038,0.1207362789436553,-0.1280064530720598,-0.0408642291776292
-0.2957412055810323,-2.469709959722226,2.64488124715672,-0.6083122710362935,-0.6348448059921443,-0.6336973316563552,-0.5869736353566992,0.2657926675147679,0.494766207032345,2.511141471197482,4.3937909292731385,0.4466004707096608,0.6539383785296946,0.9340460314034936,-1.747063627590732,1.4577619219312734,-0.3256091316941494,0.1806152772804196,-1.1372270054330138,-1.1499005620704157,2.80526418994127,-1.1798668996466148,-1.046514768755283,0.2353799187791376,-0.0354815502119081,1.0607664172561884,0.0169454269673218,1.086744999247714,-1.3315608053964254,-0.3141094358042243,-0.0408642291776292
-1.129485857849631,-0.7986306293300028,-0.1560748122850273,1.0304877658667593,-1.4388890978329487,-0.2673502620353623,-1.0009353485050936,0.1332654923165976,-0.0211420684206341,-1.3429183004819614,-0.1592312926724174,-0.5841100870967286,0.0641154571803716,1.0584210323499537,-0.1804085990990418,0.208765676692593,-0.9942197508275727,-0.4135804276931883,0.8859067615697963,-1.788110310795419,-0.4513770368482084,-0.5598568999927849,-1.312525934038909,-0.2372137359240461,0.699914401808776,0.1574718552161536,2.288984469185457,-1.2736403718441394,-0.7602133182967808,-0.1693005483821581,-0.0408642291776292
-1.982796245889001,0.1080205197218897,0.4052450976612534,0.8629451005902141,0.1217561346238899,-0.2949106339047749,-0.3875197456434904,-0.031554928385132,-0.7102029692660897,-0.4811345742825321,-0.1610329739405263,1.617978577339085,1.1216371920219417,0.2024725021236277,0.5032186086342891,0.2463432486376647,0.5205944987076008,-0.6628180478609245,-0.1235450999898418,0.0012570578101459,-0.2404157251252606,0.764128662936092,-1.3266050438024592,-0.0237941341971118,0.8681074971031827,1.4410616098904456,0.2933158527176787,0.1095255638482901,0.386473745453119,-0.3390296635348833,-0.0408642291776292
1.3912717125831886,-0.143367135375332,0.5039071005811274,0.3672491459512381,0.2742798714171507,0.97458853305431,1.4905444720148449,0.2606640638489336,0.4335086884058918,-0.8123002319662161,-0.1060199180735949,0.9352089616827448,-0.221720477311157,-0.8722378299566718,1.0235125191510246,2.6669731136721166,-1.9597056259643493,1.0708879679105097,0.0247877541441658,2.578749631025852,0.2233826161326174,0.4791388099317605,1.6050041693928223,-0.8942314136689594,-1.4800562507667088,0.9665509392696052,1.151285648899786,0.3217647195572922,0.1433528191309899,-0.3419849469516601,-0.0408642291776292
-1.3948343023877892,-0.1855602973392871,0.7021934859466794,0.7813258176345804,0.6185029085495186,-0.0813317294815521,-0.4161694911932164,0.950593818139176,-0.2574731395823108,-0.6760638129130665,-0.1744805857580389,-0.3641559068278335,0.2846777160657738,0.8598500290176438,0.1469204126991952,1.0229911900610458,-0.4014531834677157,-0.2998458566016237,0.0102748418577918,0.5177933492677547,0.0483137712132974,0.2473420717257243,0.8000348147209938,-0.2119291929725553,0.7048628524559065,-0.4475341713828423,-0.7258292824759468,0.1807275418529062,0.4419115178175076,-0.0478144381951958,-0.0408642291776292
-1.1484829446798095,-1.4791109870462376,-1.7636008572139967,1.8303521034236852,3.870219237801101,1.997464724928524,-0.706903190612855,-1.468581069721813,-0.2660291616173784,-0.3985513981619578,2.708053998381563,1.1078647453979689,-0.1894061382577173,-0.4823911715496451,-0.6293790616292367,0.5705357332148032,0.1997802279322612,-0.4530743867010556,1.0020289593907898,1.483870464146221,-0.4379308095713563,-0.0540335472390816,1.320797018593821,-0.6407064544598465,1.041513192205782,-2.5169753203134992,0.3812433445406622,-0.631110225343289,0.0462721627623112,-0.021855867642426,-0.0408642291776292
1.5098876693764982,1.0418081560025303,0.0607889242165255,-1.2002692974608846,0.1691293023440502,0.4634006246479444,-0.2808990312343927,0.090122076837329,-0.0780913002530276,0.1841552442027109,-0.206322016371096,0.9091765396859696,0.931102737945648,0.3867142643140495,-0.7706995048467749,-0.5597935306208573,0.6668980297946763,0.1128953753067016,0.288250072747365,0.5518707629927531,-0.1222133820660227,-0.4453137705910209,-1.1906449985050551,0.4460778618240553,0.3231202885594964,-0.4603733442007806,0.3531368021113192,-0.1720957852578971,-0.1274730852449644,-0.3094368931047258,-0.0408642291776292
-0.1463550227800832,-1.0167701358886605,1.069997536023359,-0.1326301174137152,-1.8582779111979688,0.0060049005113889,-1.2427681905955488,0.6986267354801189,0.1935381807923614,0.8138039478697027,-0.0683967699180332,-1.093407582197468,-0.2263336468575362,-1.0374907754871114,0.3704453084766148,-0.3905709406284245,0.3938092391514669,-0.7313802483052824,-0.9113763144340458,-1.1176284340757985,0.2533282698781916,-0.505519273158417,-1.275216258424866,0.0315509058022202,-0.0969367537170964,0.2187033955594568,0.8016165947052393,0.9961185744598146,1.0158114690341125,-0.3493332192312134,-0.0408642291776292
-0.260463910192397,-0.2158303771522317,0.3356128866585046,-0.0682186690627747,-0.7744367196441516,2.189325584869386,2.403164936363719,0.3374072466139796,0.6080518865166316,-0.2537748410533962,-0.1238966089151725,-0.2568401621139823,-0.2517312950690963,-0.2002084267167523,0.1239703916009217,0.5566569289332619,0.6242453996775857,-1.5479743249311813,0.1966677901129544,-0.6435551694434893,0.2712485435695898,-0.3119116801955199,-0.8807023086397898,-0.1458208913968344,1.5608607762459632,0.3397394861342331,-1.5116400682376208,0.2953455458491015,-0.3620777007178298,-0.3100359370405589,-0.0408642291776292
0.7488037150725513,-0.6972585893877727,0.9517720987864332,-1.8891943617104208,-0.3827786732076194,-1.5410397615091662,0.1975802297360546,0.8951106106934787,0.9491832235313108,-0.1673046737622383,-1.1812699230706687,-2.2143749677902407,0.260413372766706,-0.3292447061888703,1.3150768765019114,-1.357557535768399,0.37049122584528,0.2169294492893902,-0.3368688052687912,0.0280081632024226,-1.3588885921845026,0.3013089042345228,0.7825742542184856,0.7388259830443978,0.8955233969300024,-3.4428202172196016,0.4500512978433757,-0.8383484799282445,-0.2207322153112438,1.104506476773447,-0.0408642291776292
-0.7207957581383077,-0.5024286246802291,0.0015212548138256,0.7125471392708429,-1.2903296832377575,-1.0506741564215576,0.1622940774916315,1.391266347873494,-0.221125856482066,-1.680008011159003,-0.0371235544807637,0.666275868923923,-0.1668093433544479,-0.072491877136277,0.1817676453376797,-0.362449835949486,-0.8762760121525297,-0.7641995658038453,1.9519753963833917,-1.063644423200138,-0.5378422993820923,-0.4284774591352736,-0.7583094939690687,-0.123442964287039,0.0470341162538258,0.6364001952473918,1.9748201308755704,-0.1844187123275426,-0.1123665084919926,0.9166462984961716,-0.0408642291776292
-0.1618770327510827,-0.5694269995096569,0.4290572684898995,-0.7308298043508951,-1.7616147882762327,0.7997243788419964,-1.5742118779962917,1.308660880352386,-0.3567823819969408,0.8351501950606846,-0.2013553857455015,-1.185444438660031,-0.4344786393147555,-1.402396301977628,0.3903345769774281,-1.111265946425616,-0.6556154101339009,-0.6074203966887949,-0.8986479603217364,-1.021571103739247,-0.2014745821382676,-0.0033640042624663,1.086897155801168,0.1128407029817497,-0.0480435095919486,-0.3839291354269364,1.0746514775181175,0.4762902576983367,-0.6086760914265662,-0.3493332192312134,-0.0408642291776292
-1.816708633092119,0.5455072113563654,-0.0200791804400649,1.3265067397192352,1.2351481184246698,-0.8178610910979636,0.3687346901987537,-0.877951779048876,0.1832114894040557,2.1271902794647266,-0.5811644359325352,0.6476387149636457,-1.3652330089170424,2.602728130077111,0.6610327706413266,-0.5094903006293683,-0.2433009025406538,0.9082746247421308,-0.0758696416761862,-1.3861846080404965,-0.2175209810238921,0.1112286625782279,1.1782751111730647,-0.0557346164152962,0.6566827133413669,0.689918427845782,-0.4265129413674261,0.2355700102305555,0.1120793132075171,-0.3413459667534381,-0.0408642291776292
-0.304628977911781,0.751737810125325,-0.7911721340342946,0.7167575325340344,-0.8379440968993379,-1.42633075407641,-0.1144501204118503,-1.2795292018870812,0.0402609133805067,-0.9179720159582352,1.1637595834542986,-1.1888027928090357,-0.7778950218976014,0.4970613258767347,-1.031052937080753,-0.2257401258741308,-0.4338595016643859,0.7098589298772215,0.199570098934893,0.0654541634452265,-0.4139939007920821,-0.3639800072963111,-0.2689160150279706,0.0304264367339865,0.0425691327706714,0.5650950384512354,-0.3605870338220985,0.1922083505706709,0.0887598587695232,-0.2856348807209554,-0.0408642291776292
-0.2255867751693643,0.6357006543281996,-0.087755035032937,0.4647648850381446,0.1352659682197916,-0.3089870218662494,0.3221357053296498,-0.5779150808153163,0.1857082615102481,0.3598282869912931,0.0483844696637314,0.3080845675184087,0.6135540211940118,0.5506431057800477,-0.0261444723391396,0.858778088997278,1.4093352331326676,-1.5202236552834925,1.166927087379112,0.3643096277697913,-0.0067465219045827,0.0671904599698992,0.2058805667638855,-0.2123864112526696,-1.2959595376583055,0.5732258571388665,1.0574332049583015,-0.0139756497931057,0.0199048385554161,-0.3133905830812246,-0.0408642291776292
-0.5853941270615698,0.0946464908548153,0.1916868497704945,1.0594797897879191,0.3023343104399723,-0.4530381432100905,0.1694584983063016,-0.4878513674111421,-0.4418849909985275,0.754157482704373,-0.5000136786238651,-0.7916140819477142,-0.1040322934236234,-1.1813775847389107,0.0401442129836805,0.4107656528768038,0.3496988966528025,-0.3960240185903907,-0.3433260994187423,-1.9155858665840757,-0.6221941660983087,1.1304141566477763,-0.014848797659695,0.0500172543539353,0.0580309455761641,0.4557545877493852,-1.0924327749773983,0.6749898440581509,0.8397811398604506,-0.3493332192312134,-0.0408642291776292
0.4246316967908359,-0.8211639201532339,-0.4007354513548543,-0.4168972507849444,0.0538186526202334,1.0640583735387763,-1.2921388760499068,0.4762964004540865,-0.6607447259151492,0.8860059799038713,0.9748205791334564,-0.7998238187324185,0.0454907105417789,-0.0834431489852069,-0.2545923769700737,-0.0780756174964875,-0.4495691868960355,-0.5620684249873262,-1.0154803352052528,0.5532393996964969,-1.3704916941823693,-0.5304478776596022,0.1928698312103343,1.238302716433625,0.0427159801359338,-4.13880815061133,-0.2380495085184538,-0.4439799032462002,1.4713654677639725,-0.3481750676219359,-0.0408642291776292
1.1002076992871055,0.9962325581022036,-0.2823446064041756,-0.1791521176887969,0.265501765376069,-0.623734273374968,-0.5770427239456611,-0.4103414031354474,-0.0652052382077416,1.0458245603040723,-0.0045175043487619,-0.8308938572349319,0.2128322838559829,-0.2397151490455718,-0.0280876433508407,0.6284917997597502,0.5248282749001616,-0.5772352748148889,-0.4536203484357407,-0.1028012365760743,-0.207519855329282,-0.2809172154172215,-0.7566952594502393,0.647938892857956,0.0532382850196847,-1.269045402353183,0.5583116674339031,-0.1106725960088508,-0.1194379801678279,-0.2135499271090333,-0.0408642291776292
0.748614165425687,0.8516406334045425,-0.6640809620397353,-0.4710746716828591,-0.5445170048141768,-0.5736492079301793,-0.3633985618732219,-0.2567243192902792,-0.0908450907850188,0.953433921571198,-0.3254744577992827,1.0253134362720908,1.7554675583607735,1.3888396949067154,-0.0304463501994316,0.4038606897666237,0.6210341309402782,-1.1014508272510843,0.2134708555543866,0.7431931987460721,0.4053144546892686,-0.0230666644988578,-0.4606215479494196,0.2872323392079158,-0.4648735533408797,-1.2632936631942675,0.643248768475562,-0.1827063014553449,-0.0747923090084235,0.419839194378548,-0.0408642291776292
1.4063303789729642,-0.7811045434985838,-0.7494378368729565,0.5017987312734014,-1.2720260549085018,0.967689896782248,-1.1206875528506206,-0.7911445965164893,0.2545938098465669,-0.6670557889290648,-0.3918288761398167,0.6782386947765211,-0.8078092766874485,-0.6481038889934272,-1.988610674205992,-1.0219227337804322,2.419906728626,0.9470837014298552,0.4317469817240844,-0.0417106157652862,0.747535892192123,0.558746763879569,1.0307358483153135,-0.0876956526803958,-0.7730625761767737,0.2028160147566018,-0.337018952971391,0.7916075757935451,0.7479274317767213,-0.2736540020042924,-0.0408642291776292
1.0696270229263307,1.020303141795207,-0.6133672077416823,-0.2989181285615028,-0.3558816816864741,-0.7185186617869083,-0.1104187370611417,-0.724169078104231,0.0268066639342494,-0.2947782047322612,0.872469320335292,0.5099892100254347,0.907577095069096,0.7429952387087311,-0.0900871409079795,-0.330226653528997,-0.9993254192376796,-0.6798445871043689,1.5700927700757776,-0.5822616447656873,-0.5987909275219311,-0.7666349253842281,-1.5823275081227746,0.6912859702404575,-0.7245901571521284,-1.4677434719278046,0.4847348217235076,-0.0581334746446207,-0.1345192631898507,-0.1257700223782827,-0.0408642291776292
-0.6700385749224205,0.4419901918832397,-0.5604023047196885,0.5750329795925678,-0.6939975294159344,-0.5090337779649418,0.9267931814421436,-0.8257762756874821,0.4992228929414013,1.6495355960819258,-1.1444925314626848,0.6440855899312765,0.795358857737531,-0.1935957149608481,0.1115890869187137,3.6918822927476014,-1.3639053709443147,0.8389690689143651,-1.366533728129186,-1.794957640517865,-0.0703307284392384,0.6099091541039943,1.873320164243189,-0.1065260270527521,-1.52692289728279,0.2474029428470616,-0.897121298127153,0.3894272365044138,0.1278088840689729,0.0460357784186639,-0.0408642291776292
1.3425363922671876,-0.3268584438366232,0.6521442119480556,-0.4320214281209011,-0.4061036142599948,0.6778710359586003,-0.5892188680670845,0.7076778671153955,-0.2076197628736477,0.3599223794739316,-0.2397072028356861,-0.696116399546701,-0.3798898699827006,-0.4742774499746535,-1.1577128888932546,-0.0864260293366225,0.292011810953595,0.4707681504053682,-0.3243660571862231,-0.3128747042378335,-0.1830434513270332,-0.3840537302317001,-1.1791384317381477,0.3929475404147491,0.7927917758789396,-0.9002435182360704,0.1223902849618174,-1.302676983352807,0.6786663777404041,-0.3430232897737709,-0.0408642291776292
0.6363165301945211,1.0405339771122788,-0.3266669554875214,-0.4731732007841612,0.1932845358087813,-0.2622765279242295,0.1229119038643608,-0.6297774691655246,0.1370302780813836,1.5814500986438076,-0.1175956549163496,-1.8490955686492547,-0.5830360204340467,-1.2429150445683403,0.0447631263083489,0.800105392404321,0.426225295472046,-0.8185875983800968,0.7656497709093077,0.0627032119886324,-0.3434219267282213,0.1734769747262788,0.7054174430906435,0.138884071170718,0.1110105531802198,-0.0682703890863571,-0.417662046969458,0.0614745215045283,-0.122000991988385,-0.3134305193436134,-0.0408642291776292
1.4646906091352976,1.0539845840816924,-0.803107025103189,-0.8979954751504834,-1.0243161206792646,0.7014636635008838,3.039629037377311,-1.5543977882013786,0.943421236417344,0.131020926754415,0.7478884339951639,-0.3176227625009575,0.0997364697012998,0.3782434465649784,-0.285243610689293,1.1005559549656003,-1.0729385354590153,-0.5415875755334332,1.4321518228381511,-1.4494083712855916,-0.6332772550149585,-0.4792647111956348,-0.7044262316482658,0.7104963851596329,1.129430227392172,-1.2970377171382192,1.0050821838505752,0.0714920437384196,-0.1192028216878609,-0.2856348807209554,-0.0408642291776292
0.4706922609788629,-0.4798311637803694,1.0662159893492,-0.8325189812060688,-1.0458324291707983,0.8585641402549516,-0.7736172998678417,1.2195950224438428,-0.1532944329558322,0.1172288020593041,0.8517758854045101,0.8662760967533556,0.4307605371493657,-0.6745458888765706,0.7288057690096,-0.7668302708417158,-0.6674938969500023,-0.7418302692256251,0.0267978982941065,-0.0440725015359941,0.5902139896275329,0.2485224178619434,1.2404601270606772,-0.2692448956399353,1.2088550634376107,-0.2773973557406172,0.1177223490047396,2.034854423767381,1.535937878907356,-0.3512501598258795,-0.0408642291776292
-1.0489483190041735,-1.2258010546476614,0.222382741455379,0.5245587955881887,-2.509003821553472,-0.643953687838892,0.3125605349961295,-1.4749485386026804,-4.63942692100848,1.3217926567570053,-3.399577120659473,-1.2962168822889246,1.4793933421427368,0.3710274598747043,0.3075367347694463,0.4769508908399061,0.432386111037659,-0.7857465668241247,0.426874512378424,-0.6494814667095253,0.9746580156697292,-3.610554456129648,0.894860171564051,-4.548426164825848,-0.4438386515553122,0.1033816287243564,-2.194762569972048,1.1941916907811738,0.1742501493212633,1.4512730430960616,-0.0408642291776292
-1.1155223671972936,0.5409988758680795,-0.1504473443259837,0.7265464551599943,1.0862480346093328,-0.3863158851124629,0.8282716729864682,-0.5514574648955287,0.4071063099339755,0.9912443470999844,-0.2158082555128992,0.2145309890895268,1.3240413954764556,-0.7611614019237735,-0.4975795314133122,-2.547193927861173,-0.9544211988057536,0.5110405932873902,-0.8312008823474462,0.7268612157391269,-0.2821439440316049,-0.5393484466449775,-0.9735120890587102,0.0592879771631766,-0.5178469690914882,0.8137860319054641,-1.048436797456637,0.2079237504083033,0.04174929068878,-0.3111541523874475,-0.0408642291776292
-1.4044802733059951,-0.3917058796468562,0.2547909745253023,0.4375637118137784,0.0600630362720439,-0.4122046181395245,0.2045842203118764,0.3014431704795901,0.5793640422626876,-0.0889399382909172,-0.6477920731423943,-0.4511498599468536,-0.6999997638904117,-2.636306097064955,0.8605461593897726,-0.8830831771907551,0.386292098332901,-0.2336345666032089,0.7471188600772526,1.1532763553072742,-0.0615044642793575,-0.1082004238036533,-0.8139441249345837,0.223154828126455,-0.9272044098384544,0.1215321413539369,0.5534602811332481,-0.4766414821045159,-0.1868522863536268,0.1601336800636841,-0.0408642291776292
1.0695217175669616,0.9920213536570872,-0.4116942380689675,-1.4093320517806591,-0.4569021262463459,0.1748430048575208,-0.7198019658194431,0.3817396246641073,-0.3499772018370067,0.803550930644579,-0.2442618240533933,-1.6358147085884034,-0.0812008405751277,-0.2189963967823597,0.4564369075287203,0.260108756675831,-0.1876567758344323,-0.5097730451818906,-0.5812495639773946,1.094234739264247,0.0985274771541186,-0.1920756024792407,-0.7326226314171068,-0.0686976861771514,-1.5573123529296928,-0.0280213546504566,1.6955206127946605,-0.366422712745433,-0.2013915306901886,0.188608235146953,-0.0408642291776292
-0.5816241951961574,0.5781067876659591,-0.0634213500129283,0.7682512532254449,0.8160574116016657,-0.5687141097641748,0.2341841399776741,-0.5592237072928962,0.2316652543793595,0.6302813593080612,-0.0229020118016011,0.5610066148064043,0.9464641298742354,-0.2200176073541214,-0.1452236413209659,-0.5179870820332392,0.4362653103950457,-0.7208927374120915,0.6783132778629403,0.2525755986855161,-0.1629765579941656,-0.0476629282007858,0.0812617111200402,-0.0896748601765023,0.0029703292549445,0.8091933072753345,-0.8411334247605738,0.1638962403351342,0.0727206495528802,-0.3134305193436134,-0.0408642291776292
0.5586222360520283,1.1468195950196662,-0.2150525116469761,-1.3786750480511811,-0.5677857470144071,0.1199765724892021,-0.8509794223014923,-0.0269858336053657,-0.3923020015870466,-0.6224140663036581,0.2316671974874853,-0.7590830658091868,-0.1835033334142454,1.5107088290797146,-1.6548803379040278,-0.3141799484102891,1.3427001827305662,1.1793916519590175,-1.500864525245039,1.121818316921305,0.1545425993884568,-0.0918187246263075,-0.1315151554457304,0.0836993547484109,-1.276369390327185,0.2501524313724148,-0.4977454002331683,-0.0540429657394428,-0.1192339921819305,-0.2534861894979098,-0.0408642291776292
1.571659793182389,-0.7398794359567356,0.7909462757329336,-0.330041507226426,-0.7108753655013397,0.2029908302723886,-0.5192057560807334,0.3018386183422052,0.6027552987924384,-0.5687951725630614,-0.6226744476178097,0.0604193065164516,1.187384772210112,0.5224819340544771,0.8183958930364729,-1.5215141984191425,0.6190328036171674,-0.7791374318327473,-0.1156257406381891,0.13817923067051,-0.3881969152312151,-0.1394834058278014,-0.6289060326480582,0.1771544873518636,-0.7978036763576556,-0.999955592085934,0.1209199087155641,-0.2836463293486566,-0.0303014620876955,-0.3425839908874933,-0.0408642291776292
-0.7546619617113974,0.1672220224857309,-1.4014832131622934,-0.1894521507553488,-0.2262591604191437,-1.0208561817881991,-0.177610395054974,0.1172818593528007,-0.2314603540606157,-0.7185618113155781,0.3476272291512984,-1.109504772987802,-0.1640396216963479,0.9752741007442228,0.0033472195554774,1.301408269066094,-0.8042025207177477,-0.5295284146707635,1.407448107003167,-0.766339768563119,0.965998948868625,-0.4318491997703603,-2.4023362309043828,-0.5652842587977824,-0.7006907746339092,-0.3807707287402524,1.5248570237860954,-0.3806352468861556,0.3352020547584085,1.9554683557556276,-0.0408642291776292
-1.133066240068179,-7.693652383398703,-9.551224238397197,-0.1459103934161584,2.296795460230804,3.526663423367649,-1.5851749873518546,0.6108468712686755,-1.7959509523454589,3.3112051402624387,2.3243845598329185,2.4066325751033726,0.5786753726981683,0.3981280374315195,-2.9287781823869707,1.0547321509343712,0.9910237197233668,-1.3171028958500397,-1.94988637445677,1.4929517190230952,-11.71414624213823,-5.146758836395435,1.3576744118464672,7.523215191860393,0.0552822853526532,4.006832414482523,2.2424517717577763,-6.613198602611716,22.899716471949816,0.311172624418415,-0.0408642291776292
-1.6150278088284944,-0.6178721403470259,-0.6518940058594416,1.4331679503440045,-1.520386817714085,0.3172997520343346,0.0182165595916141,-0.2096638230279567,0.1351373108963362,2.3331764762021105,-1.8261745450298208,2.596235630808541,-0.9243710740447316,2.045496521611092,1.0517637533029631,-0.3302064971474118,-0.821838616635224,0.6344512318897222,0.0920011289554151,-0.8553902627992365,0.41587707522751,0.2943194806435785,1.1695147327811344,0.1661173597729545,-0.4775294054792752,0.2579302498739708,-0.1536368406736628,-0.4792651661142161,-0.6372113760386533,0.0519463452522176,-0.0408642291776292
-1.3579142433929967,0.3851362695593989,-0.3985865340977144,0.2778386749753869,0.8661284056568082,-0.5317434401171965,-0.1477860867339893,-0.002298117923325,-0.0665850826173361,0.3771564625767783,-0.133162157100441,-0.9234433028464468,0.0177353977140411,0.2525595553669854,0.0962295733269505,1.4372521652752728,0.6991617397688533,-0.9360822966708736,0.6058192326443482,-0.5893853245866469,0.5192181017804919,0.3993498141319549,0.4664153720290463,-0.6181930482698792,-0.1957316570948456,0.9913624752827778,-0.5265660625687679,-0.0008597699695647,0.2134296588373438,0.665606953119694,-0.0408642291776292
1.1824933070980896,1.140067677042778,-0.2929589920076462,-1.3636586628442449,-0.6352159309137156,-0.0075995250973582,-1.2162886885637998,0.2264051594852556,-0.5000407238808411,-0.9678083288117654,0.8453808587787595,-0.2199203199269601,-0.4042620105359922,0.3053590417709211,0.3411061571344785,-0.0978891374243315,0.3859604135407095,0.533213762951178,-2.1863746329459564,0.6395643210253033,0.0212715217204544,0.5247895224466457,1.4466040003660876,-0.0098848050802237,2.013303395285207,0.8136400267501516,0.037270134104502,-0.2182782423872043,-0.2047042863166365,-0.2335180583034715,-0.0408642291776292
1.051788295049212,1.2160405165479138,-0.5410524182319432,-1.583319284590404,-1.0719962846787023,-0.2021364502015042,-1.3821534957167416,0.1529266235275577,-0.6784628305479957,-2.06417065233286,1.5922221871655342,-0.8053060548425005,-0.4404665949970518,1.2370738105654937,0.0854146839531246,-0.8779916323349742,-1.6934291555374446,0.867454739061817,-0.631721258607132,-0.0027875776915049,-0.4849141834126236,0.1878907637065681,1.3298115023890078,-0.2961808463360973,0.107942799087175,1.3250907080036256,0.6177726489618282,-0.172270532954907,-0.2551305129694959,-0.2255308058256962,-0.0408642291776292
0.850149592929335,0.9939055145587248,-0.7617411370834619,-0.9455543759822412,-0.7510008433253471,0.0138821002989639,0.7052595298934344,-0.6436993165937716,0.2071862728305588,-0.1140285242434225,0.5659529375206458,-0.5385525341859313,-0.6168989820128506,-0.2625818768534106,-0.0928636744696774,0.893562443102055,0.1850054586827419,1.1471101406794388,-3.134022220317876,-0.3856177808374895,0.0556049306832744,0.3988815707799026,1.0477145607303575,0.251382270427292,-0.8987743642292263,-0.4761424367878789,-0.1893479783355129,0.0193530874116212,-0.1551432187694395,0.0258679659122813,-0.0408642291776292
0.871442336593759,1.00285834212331,0.4742605755329268,-0.7367978314444007,2.70610431260372,0.5583931066398927,-0.4164198333981323,0.561309482950059,-0.3331407777939564,-1.2428347645609932,1.372668807964008,-1.0425374911469256,0.4269429842717673,1.2481146158956524,0.1503956379168071,-1.408374523041057,0.3492983944246052,-0.7991523102709022,-0.751949203374499,-1.8561678030190996,-0.2857288551904192,0.3900337634138384,1.372314752767575,-0.1411902384070689,0.1760189246011428,0.9082039174433946,0.5931277955369721,-0.1405713120321522,-0.1865315600418611,-0.3213778355589998,-0.0408642291776292
-1.977109756483072,0.4651912784262191,-0.3308515414728182,0.2267270844863186,0.3717162306584448,-0.5333389479157332,-0.3162550107215777,0.025758018744915,-0.0239937180625804,0.2996563076012292,-0.162769875249116,1.0122061219099812,1.053253415488773,-0.3598437122377338,0.2123368855218522,-0.8794224812594937,-0.0940567894002862,-0.1820973956351406,-0.2470235414354318,0.7315475704728563,0.2538272740319506,-0.138663683360159,-0.6854331623523582,-0.1948748736991787,0.6220767970526359,0.5992014342859192,0.9744986066995468,-0.1912242423683975,0.0727096190241854,0.2776661002741477,-0.0408642291776292
1.193445064472472,1.0570618283806312,0.0156428276085311,-1.2646682509614244,0.1418813311932951,0.4489858829158384,-0.2263470816221107,0.0022973287181616,-0.000628466125944,0.3840186411631921,-0.1652345368988674,0.5166412579265468,0.1443556876394626,-0.9414015836703438,-0.5018555544564781,-0.3836180837449529,0.8012525324540777,0.122885092577332,0.5579446452045771,0.6541629990282389,-0.2507209566351263,-0.4915071419309392,-1.3850794732221738,0.447424353204277,-0.0511778918235047,-0.4935308122033974,0.3888366111126565,-0.1907781340606141,-0.1469566789517592,-0.3454194655171035,-0.0408642291776292
-1.0731264295153098,-1.7036515275520585,1.327533428841408,-0.5067851441944046,0.2223821158367209,1.6075208021235308,3.689736827550306,-1.5751631619708213,-2.893545671025625,-0.1946574468961452,0.6175464071546964,-1.196216640074825,0.2246131573022389,-0.4224234658455205,0.1217671503125683,-1.6513006381859878,0.8659934519619741,-0.528576465297137,0.0899499086707073,-1.2196602844714746,-1.847785268007866,6.378091174890635,-2.419394848309512,0.5013802874268511,1.534561227697267,0.6197661272895942,-0.285484322815492,-1.3496986299529314,0.82046511557141,-0.3383507470742724,-0.0408642291776292
-1.0679875279780997,0.6106682330424333,-0.5044445919218291,0.0805693359897312,0.0637162411170752,-0.2098389155780974,1.044011347859114,-0.7405820412601859,0.3222859994072565,-0.4503231989981915,0.7546607330284224,-0.6531892317882814,-0.1306424098711357,-0.1808942004900978,0.0054715536170888,0.0757671335118326,-1.148131013804155,-0.7397963896410326,2.5387889190756385,-0.675195799401021,-0.5299174646193758,-0.3342060090987142,-0.3295894223790356,-0.4853468692019534,-2.862205593447189,1.1606471810105332,-0.2255268015096659,0.1744395425704587,0.0408941509736485,-0.0378303725979767,-0.0408642291776292
-0.9348815537356072,-0.3034180432534993,0.5888453732111196,0.5684967970448461,0.5107284019113927,0.5158836785614771,-0.2665521597514811,0.6108132880793928,-0.2114149129862675,-0.4984998789953663,0.0074926189380874,-1.10817652630568,-0.0081344385289188,0.9175717546544724,0.0797873697057332,1.1269062902482587,-0.1420005399887628,-0.6557277823232598,0.3211688322032919,0.9382980097495456,-0.0582108825497757,0.1598704932487628,0.5542825818696612,-0.5253762613890279,-0.673291987608131,-0.2900906845840957,-0.6385081074498766,-0.1237670572281649,0.4905754527728807,-0.2339174209273603,-0.0408642291776292
1.2936957665918174,-2.3057340806039144,0.4780104209015118,-1.0393911940706717,-0.3776272576568503,-0.034720829751689,1.0238067465840237,-1.1006450845613354,1.9037718002628907,-0.4591677053951687,-1.211336706522477,0.2911674752099105,1.579027558683666,-0.0885703633264725,1.7349702067944035,0.0167121906089614,-0.6939267167396452,1.576894808877193,-1.3785187556488885,0.3027260527854891,-2.0367130372312827,-0.0275647239135653,-0.274741669193046,-1.9352431002592825,-0.9700435033618668,0.5355761453262105,0.2447972002289429,-2.3319662781277044,-2.4067569795335806,0.1720746225179582,-0.0408642291776292
0.983066017524963,-0.3403888589846395,0.8349847669695586,-0.5945649109016605,0.4677880584408788,0.7143668144660386,0.1220313116418255,0.9242903956803898,0.2440782683871579,-0.8477210410767236,0.0256746345018827,-0.5112010240569055,0.2877107150963515,-0.2451378776803719,0.9729152332637018,-1.0279181550003504,-0.6398985944227827,-0.3473834908520348,0.6466155178240632,1.7921505590716371,-0.0697116551937975,0.190129357075468,0.7795570584130599,-0.4094513017081793,-1.8922923070121167,0.3422405911327004,-0.6842396822736795,0.5304372881678591,0.3991028601201196,-0.1060015724957888,-0.0408642291776292
-0.2255446530256166,-0.4961029633275464,0.2416859568343173,1.6772900686710133,-1.5178533682877178,-0.5314833361115369,-0.6572232651362137,0.0500325267893263,0.125604561062924,1.1684947829922088,-1.5423799454579843,-0.4940154219391998,0.1949483852637265,-0.1294585536520927,-0.2782967799576489,1.683362599622739,0.3297343757327635,-0.9713551115250714,0.9769231073022384,-0.8051592867537767,0.0684047929290888,0.3820863243540089,1.2763038721863869,-0.6424251426160762,0.6480489322198161,1.1419140121602076,-1.3629947695023354,0.8828687130280465,0.4352669779825635,-0.3134305193436134,-0.0408642291776292
-0.1133523231538197,0.969107038931568,-0.2859632389512419,-0.306660911933172,0.4647402258573029,-0.4848573101178399,-0.454082137773019,-0.3259447319984254,-0.1230887527695561,0.8998546898794899,0.0357730804147362,-0.7996805527088596,0.5990028817373133,0.6988895373822964,-0.2205562816870765,0.4844852780210943,0.2012440657351324,-0.5987548546375016,-0.0123356814741646,-0.6227132276767386,-0.0930420302260337,0.4915870889376857,1.6127323883158893,0.0085804207390553,0.1257651837767866,-0.1521330210364561,1.1143657369255051,-0.0561091671754973,-0.1262240293967704,-0.1161054468801746,-0.0408642291776292
0.7449074167758961,-0.2718758307006215,0.2680017880860929,1.0931959037590744,-0.6185372525479502,-0.1118088220253958,-0.3954875396823881,0.3630392503471439,0.052442944431408,0.6325547653018934,-1.0795950012951925,-1.3620667671525124,-0.286229559422196,-0.73875571684827,-0.2010860594437247,-0.2013653656842322,0.3056000764217968,-0.8730396604480862,0.5224658818467585,-1.1066372620122331,-0.2661139252055609,0.4477607972087761,1.405317687303871,-0.479660005659006,0.0916473323412759,0.0143325637028668,-0.5416182742137515,0.3649035165494019,0.4569389026944898,-0.2625916573225736,-0.0408642291776292
-0.5055937257316958,-0.6356715728078479,0.381406490152732,0.9953354531588832,1.0416387051626954,-0.6967921764080562,0.3986908917066563,-0.0216967885427874,0.5027778029469668,0.1407517802854531,-0.3315416426180365,-1.0186170854738137,-0.4087258122026306,-1.1633176778364656,0.2035507574708713,0.7861534018798496,-0.7200851367391932,0.7648938706965485,0.0354251380903818,0.6252621499786711,-0.3809549405397496,0.3384505750574906,1.1910030331202226,0.2295488057824691,0.1442938086688363,-0.3585021134828713,-0.2123878039954702,-0.3558882255589872,0.3565737519746822,0.0420421521797763,-0.0408642291776292
0.8767286656340859,0.608804983211703,-0.8131370188980088,-1.6389631489599548,0.4461621864241682,0.0182272899540951,-0.4718996248607038,0.5818272466763228,-0.1513282079036267,0.2635358218116619,-0.3824408486779762,1.0888996097124055,0.0076764209088276,-1.62152154018668,-0.2759425932933797,-0.3487064949178766,0.4716472298624314,0.7470245814955064,0.461932924866945,0.0968291573242265,0.8205803664815247,0.0910894796875908,-1.0740611296838238,-0.2022386398855492,1.0090203171061125,-0.6622946169619888,0.8056617923840653,-0.4507284752447471,0.0781679124589826,1.3916881396118577,-0.0408642291776292
1.1013449971682916,1.0246423435224232,0.1800462216707591,-1.0454444239068212,0.9841218869703864,0.3934098183250282,-0.832225283494667,0.620405620359502,-0.4293948788611215,-0.0195402142482914,0.194693074042394,-0.7077521464843852,1.1151670101766564,1.217758940780978,0.2558256022246728,-0.7427898984748705,-0.9245963874652348,-0.2499256054355745,-1.0030681425287795,-0.2925368973626017,-0.2315599309639496,0.1049541675691846,0.6726690068773432,-0.0519406953684312,0.0548182700639241,0.9647860909340183,-1.0291297089590772,-0.0240211346752736,-0.1734572862247241,-0.261513378238074,-0.0408642291776292
-1.0573727477536985,0.4367913764197584,-0.2686204502731416,0.290011871538648,0.5519441343560247,-0.039837404452971,0.8655199584066882,-0.2361912577871035,0.3935609800652963,0.4830855542801142,-0.373168647380649,0.4517772288164966,0.5641989724966822,-0.9090881380984932,0.2509893407637209,1.0349949684182926,-1.8295918752067009,1.6614200012656828,-3.1721071543003747,-1.8161877877361037,-0.1836444228078576,-0.065624989679999,-0.0499538559215753,0.1835889626065826,-1.0039153949040411,0.0755736855740492,0.7683781659311961,0.0674041302415554,0.0434105903536783,0.0152049838544513,-0.0408642291776292
0.6449094475190363,-0.2272061638350962,0.9724197295941808,-1.0046712417765835,0.6768067282057717,1.013194429173354,-0.7226422099020726,1.0266246940035104,0.0338255536057424,-1.3757026896514024,-0.40950083531414,0.803873138087421,0.492843645035179,0.2449552917716679,0.0018861939386795,-0.3580266001264298,-0.2513721215148912,0.7668765779977067,1.1118264386348873,0.9003028927841327,-0.2066375188309349,0.4900795548193812,1.3839615564281542,-0.2376872611084206,-0.7695141560252211,-0.6611621510453918,-0.8384863446192156,0.024887338189038,0.4968489927565784,-0.2655070044769617,-0.0408642291776292
-0.4407256243603546,0.4995227592155333,-0.9018806963109516,-0.8631921416891503,-1.1601335841993885,0.8481398347661321,2.4828346051046437,-0.644652555210182,0.6237394064597386,-0.8661127776032378,0.513693341641923,0.0636807821235717,-0.6602787152507622,0.2686809432718155,0.0281046246724183,1.1187947403488174,1.820225543107877,-0.332322509868746,-1.309163263637202,1.1074213192313789,0.9183641561029172,0.005902133729078,-1.140784993080609,-0.1956385392341117,1.637926987531236,0.5768981166503746,-1.0228760535271764,-0.0908898579831131,0.1801579368067513,0.6810223504018004,-0.0408642291776292
-0.3973608773721755,0.5923236125096377,-0.0984471529288195,0.8256065264525048,0.96332745502662,-0.8447197619096224,-0.1874958267637375,-0.5765957885736814,0.1784752745989493,1.1012178234419756,-0.127873644850682,-1.1211610134263168,-0.6187995559266958,-2.042562604929772,0.0526290180123609,0.4408391839767692,0.1979476635930189,-0.1545355999445768,0.2248634534047343,-0.2409357837338878,-0.3577147546559477,-0.1221419541425547,-0.193335174779783,0.0389504278629762,0.5598085297279483,0.6655382845809132,-0.8339901446656549,0.1466516697311711,0.0993778798726715,-0.3333986505380517,-0.0408642291776292
0.6396652406224571,0.9850590804448554,-0.3207992569579695,-0.4040995237744065,0.0417324466916984,-0.3883665346053551,-0.272386292422985,-0.4280667120215732,0.0616179587354947,0.6967470928181129,0.2325826296751471,0.5016864760277541,0.307361074177097,-0.7804487196408703,0.4989220966225447,0.5880946956022002,1.1952405183258787,-1.2662126334238708,0.5216290251353851,0.2846657203172377,-0.1704435978636301,-0.2202519166640898,-0.8447309109638813,0.5561515823280888,-0.8823860932090442,-1.3358661395769384,0.5129557468103987,-0.1643030800542036,-0.1607913932638826,-0.1536455335257185,-0.0408642291776292
-0.7709421702698541,0.6445922834779007,-0.4032054497815956,-0.0203411487438138,-0.4467142347091787,-0.6917416892991152,-0.6939761141705609,-0.2124531942494443,-0.1208678855220808,-1.0415386301363292,0.8204288342796158,0.9898834413328728,-0.0848296044730664,-0.9804181654262686,0.7128609420957638,0.1494504712631933,-1.37687689045742,-0.1555092784216542,1.6331747900650695,-0.4795004235882796,-0.5558985071392843,-0.512062245583186,-1.1163448760311574,0.0007681352852719,0.5598750051149639,0.4341166078300617,2.054543819294721,-0.2530464964069587,-0.0058578234389323,-0.0901468763274049,-0.0408642291776292
1.1632224263335516,-0.79677438194007,-1.4553465850182676,-0.0242221353524575,-1.785662233696658,-0.8309837064749604,-0.4561533758499403,2.1161229892835305,-0.6839504448570921,-2.677119237018065,0.2636050564842664,-0.6340233193810157,-0.7196804750509898,1.706780920744751,-0.5272721080316533,-0.6857367532825481,-0.6508661679826265,0.0394024637306505,-0.4175671788952986,-1.1514896153112766,1.6474991210225127,0.1828632731341384,-0.5010993255668835,2.205521553810159,-0.1726374981623699,0.6860375546418958,-0.9072903769949544,-0.8187776268031101,-0.1630863613422395,2.2025140748932173,-0.0408642291776292
0.9570555937608052,-0.1544841846933134,0.4852041937750319,0.5400516410423502,2.2910025796716305,0.8023946864419872,-0.4757459289884964,0.5288728043882693,0.007593563728969,-1.8665002280599128,1.1622251514235202,0.8650789231067126,0.1409318231390692,-0.2654590717913043,0.6177563975214,-1.326299798674529,0.9142983799009106,-1.0999423805910522,0.4358767359453155,-1.747326946891702,-0.0503320940020911,0.6875230122064295,1.6314565868148498,0.1285346569548386,0.8794087821405903,-1.1683496358984138,0.0603093803530191,0.1877855670052921,0.3535133152132976,-0.2564015366522978,-0.0408642291776292
-1.1175021079534315,0.7985890612996353,-0.5674161296023476,0.160497759355683,-1.0172607245142085,-0.9428512537633484,-0.5588855240686746,-0.7474119162150432,-0.1908284088172314,-1.6690374546343063,1.3388450752230905,-0.8846450438601869,-0.979773656147931,0.7127702630429965,-0.3814556227975218,0.6423461469130717,-0.3023603746597567,0.3806695691737589,0.1222433354849077,-0.0695249582969442,-0.4056126171220762,-0.3418078502114929,-0.4169940520931338,-0.0409484021843264,-0.2225106227957591,0.8816445315037893,-0.3639559951745669,0.0735218026113891,0.0457250534713073,-0.3133905830812246,-0.0408642291776292
0.6894746756040228,-0.8828001273627251,-0.8933370475543185,-0.7184662797167224,-0.3319173688462344,-3.834468899211561,1.9444850015774275,4.803470688361982,-0.8489643035990964,-0.0295857776334254,-1.470332414611616,-1.140854619271895,-1.253754555285029,-0.8030166688460348,-0.0476402192284603,0.7665024094417492,0.5623860269784288,-0.4622984918166336,0.4788241831312307,0.2210566498129227,0.1561261592667736,0.4654343435044629,1.849468420733582,0.909227206124229,-0.0127834670845744,0.0231545720743753,3.458608021919538,1.2845918308704236,-0.7139181715548162,5.144139289933082,-0.0408642291776292
-0.9826691258172868,-0.3433798324426863,0.1299346282095299,0.9116851069078477,-0.6424615914771267,-0.1329892382844515,-0.2171521578064943,-0.002616437518817,0.0947541076283474,-1.6091080142556986,0.803844455046413,1.6596360349580324,-0.3037210592933644,-0.3555284792038642,0.2429702559557679,0.6786342072215793,0.5644175755299652,0.8676974896150842,-1.8461043267277617,2.277108712493122,0.4119574899295671,-0.220805509896761,-0.7578849280526325,0.1262267718584397,-0.0337538119189744,-0.8720500850470062,-1.0573954628450315,0.6447470392222819,0.5140708324728361,-0.230123476000417,-0.0408642291776292
-1.1519580215389884,0.655761486111902,-0.3518755201573566,0.6246218522507362,-0.4320414792055391,-0.9136509607071872,-0.423725974718577,-0.6455259683390541,-0.0465678892721682,-0.6691373701669279,0.4847604753940351,0.4219045459583075,0.1015942022693165,1.074104824867378,-0.4596605510694492,1.2118129726838538,1.1013168365201205,0.5660895444925367,-2.30216770787294,-0.0660780951086843,0.1742123262053624,0.2129783067365166,0.5279525351094385,0.1656045338186208,0.6973710252137074,0.3162731675124485,-0.6838164911498171,0.1096542981084078,0.0943488847324896,-0.2335180583034715,-0.0408642291776292
-0.8262274839386109,0.7276680144095266,-0.7329047364767812,0.2916508279206132,-0.9887357517483047,-1.1371654680786358,-0.4680697511521831,-0.8416859593582771,-0.1197967615716023,-1.51596542595482,1.29945400184319,-0.9111978735520532,-1.185194489839617,0.2986198043828334,-0.3482301471122384,0.9103356446850626,-0.0247972151457911,0.3146691179030044,0.1539179378337814,-0.0837699248829643,-0.2722374095272962,-0.5102243519296554,-1.186248660528758,0.1114173969204887,-0.2960014707826051,0.3168814812244287,-0.7969579287417857,0.069318856437981,0.1027288092555132,-0.0659455013197457,-0.0408642291776292
0.2799210719458731,-0.5183856087857611,1.244848513518903,0.0111280764317344,3.1860188094248723,0.2727074112589595,1.0708675354273711,-0.3208933498966637,0.9732782124475764,-0.5883214176092902,1.190403926197079,0.4075419966566193,-2.767036035683176,0.9160786570718192,2.5220949196562894,-1.7451036788250835,-0.1590656073278773,1.402838854837934,1.2045580311986217,1.855495657550891,0.1605595201211223,0.0841777843907663,0.6841231016041042,-0.0502075948223434,0.2651913935601596,-0.8178202184752466,0.9053042376044113,0.8094818468937859,0.4237245782843406,-0.2868329685926217,-0.0408642291776292
-0.4503084120629391,0.6561658822160525,0.283519936673632,-0.2471630619284624,0.5859293506635042,0.3359666154158529,-0.3495619026759969,0.3729627487296546,-0.1572289615946182,-0.5002308242899264,0.191211633182514,0.7729793985807466,0.8881789721334179,0.4184204298715189,0.6743957544298208,-0.012657016100099,0.1838104088878878,-0.9916783325773671,0.3587869859296269,0.3609168444800941,-0.1282774473626381,0.0190783309386227,0.1164671446639884,-0.3958763566989078,-0.5379347414230635,1.7801634722133712,-0.565516142252972,-0.0297183707368693,-0.0184025182182822,-0.349772518117491,-0.0408642291776292
-1.5157248549434703,-0.4654331782587796,1.0003972783084665,0.2540896677154893,0.2846837353441754,-0.2340496221050073,-0.2561885838343599,-0.6543348526861245,-1.97854149181778,0.366220661406422,-1.358963384935714,0.6160309973297626,-2.3166250424569688,0.7594547922383139,2.759542727091896,-0.0536967571379843,-0.1962494153547987,1.3764667991813122,-0.5409298837034824,-1.0900936635594969,0.3864639257046552,-1.7676978402750545,0.6424294734172306,0.4492236403200023,0.5395176114736362,-0.8363079400541622,0.45154868124364,-0.4305030910703578,-0.026877092322023,-0.3133905830812246,-0.0408642291776292
-0.4085232454652959,-0.7651598141254715,0.8970668454430025,0.3738389055447479,-1.1041770542437563,-0.2537306722876931,-0.2844416784518705,-0.1388425229902181,0.8239324089842058,-0.4404318185772211,-0.6679767028350541,0.3294323205793634,1.1270404634933129,0.969122797106069,0.5254611810009554,-0.3099961389899601,1.3987180228435254,-1.1186799194986945,0.4516332926229001,-0.1594449033741121,0.0287484802275444,-0.0319761524840763,-0.2846589138090621,-0.137248536017549,-0.7380211792178971,-0.2653284470569576,1.5757942515449448,0.2911317092893018,0.2700130967047776,-0.3379913207127725,-0.0408642291776292
-0.7729219110259925,-0.5333561434725194,0.4776813041665961,1.2009004889215438,0.8484768814642639,-0.4386113105991067,-0.025427720766589,-0.349888109256197,0.6281100284510627,0.1231267550212153,-0.4422945748491528,-0.6644057196068087,0.1399351557314832,-0.6375473318354691,0.1507915052334228,0.4968227848013373,-0.8254157740691441,0.7979099435836224,-0.2220453616603465,0.0928004305698342,0.0187487250319225,0.353086057789945,1.230279684572388,-0.214170977059524,0.7098026736185628,-0.3012280075648954,-0.3291016647190063,0.8387770789603896,0.3236282088307911,-0.3453395929923257,-0.0408642291776292
-0.7716371856416899,0.7313284967463144,-0.3074624260686092,0.0697606521742287,-0.6680824144167592,-0.4213511900004345,-0.1733092130474648,-0.5209572723514487,-0.0570229511602282,-0.9459322182265976,0.7430761844694379,0.7507992802591126,0.1310016783770987,0.9335979487189338,-0.1913299631308279,0.0290414702261924,1.706727421984926,-0.4154172945046361,-0.5659623026620345,1.2269149569048872,0.1975902307375725,0.4894502863076431,1.3689558391053198,-0.475702901925856,-0.7011034102153045,1.472925607009161,0.0725134823722547,0.0103783457474624,-0.0157033336102008,-0.3115934512737251,-0.0408642291776292
1.020596847604096,-1.3875095615594877,-0.3420153716777233,0.4308949813218891,-1.6148625452951209,0.1533753035145429,0.954048105232756,0.0963316341407645,0.5956277124008256,0.4777894361647179,-1.1864018086706256,0.7341257078556116,0.5955912946115588,-0.3246833707863709,0.2679427160280518,0.950365788779878,0.1839829897446087,-0.3132755274175506,-0.526453945219982,-1.1604456511100232,-1.0378627379259868,0.2519461734081616,1.088070252176874,-0.7310407301474308,-2.5221673528182453,0.7102079125640618,1.7114075145330634,-1.1844593477283951,0.0659078599983864,0.2616915953185971,-0.0408642291776292
-0.7757651557289571,-1.5017332240731331,-1.8243510992448704,1.3583003249403365,-0.6891190363996903,-0.0227843423004702,-0.2426577935141942,-0.1885793189437665,-0.0173493145818818,-0.2272824431379127,0.2785999445992144,0.4939512465970705,-0.1469621991093106,-0.246025541214141,-1.1457174775448289,-1.8218027361509213,1.422768354506195,-0.0412503359287258,-0.958085212160964,1.041660236165486,0.5452874246510016,-0.0207817345620475,0.195210025746355,0.0245824263353869,0.0696391418796703,1.043168211062243,-0.6867287622197166,0.371243127019321,0.1793444414720906,1.1715594613243705,-0.0408642291776292
1.28354432994864,0.879247727395475,-1.0505692405185618,-0.4311767271400626,-0.5881999781236724,-1.0054610484548394,-0.2553659042510456,-0.7337775259185927,0.0291477529285053,-0.0472165963773611,0.7845763757270108,0.5872307942405557,-0.4010529479870414,-0.7338736466875216,0.0162479475495302,0.0216105794701515,2.0530006081628667,-0.3656318948765631,-0.6812632562824686,1.0051740623769014,0.4803303585726251,0.2696410519302346,-0.037418466294846,0.216726320445752,-0.6207222157369519,-1.1675853731513148,-0.9474497644238892,-0.0975328971377219,-0.051280056048589,0.5548237612529505,-0.0408642291776292
1.3337749863676818,-0.0254827916386431,0.2937088273529661,-0.5034451746003982,-0.4926119285964851,0.3704173479531887,-0.9776452973113462,1.744651693342799,-0.4817263596717892,-0.3717606803187347,-0.8169597501796605,-0.9228557014108794,0.2070322975529528,0.1548851986001856,0.4712165669139132,-0.7269166037627727,-0.9639502857005734,-0.2474261964836932,-0.6103820236439167,0.0301778530616193,0.1976061043398047,0.4046897453196458,1.0369737296687305,0.0483597411734996,0.1700089731562326,0.594967589087211,0.3797924753414721,-0.1456087181789926,0.0839232518962652,0.29144411079831,-0.0408642291776292
-1.1199873144345416,-0.5466142668827023,0.628544419090588,1.7152481161801756,1.2358937157063186,0.4686913225769732,0.1776434556067431,0.9641626848995736,-0.8874783123942785,-0.1302039109644759,1.6776895854984324,0.412646110424934,0.1152398899437239,1.27806976271228,-1.4455119551629008,0.9085843210558286,2.3522671375817e-05,-1.0745837373444926,-0.7575482565064127,-1.843229062398988,-0.0540713519182779,0.1751612315901245,1.3456062354604998,-0.2076546401550936,0.7317602120391506,-0.4027370524760602,-0.2716469567333757,-3.8138330524370914,-2.458443092459045,-0.3107947260259475,-0.0408642291776292
-1.055077090919453,0.5049335269800835,-0.1612914436565863,0.8108255589380321,1.1512265041808052,-0.4767231691843366,0.7014553231514699,-0.4787121360483492,0.3479178888686606,0.869405733456868,-0.2463173199589874,0.6219072429463499,1.81708835051784,-0.0953177574999659,-0.6205002516079119,-2.6566871983137856,-1.0987872203775204,0.6048525778640045,-1.05817908808966,0.5595840875244126,-0.1719114765768564,-0.4775375326072509,-0.8260195643229474,0.0743876818671206,0.034101734560178,0.7585930506111952,-1.0995752840112605,0.2093078166536053,0.0692128444389372,-0.2127911381236446,-0.0408642291776292
-0.8875573252351516,-2.97106228559881,-3.404547075984257,0.5331884229584198,1.2803329949366216,-0.1145644626149391,-0.1386187073760624,-0.6023744200473307,0.1411664618135333,-0.603367604449443,0.8031368242954564,0.976887862709166,0.522846104883048,0.2818622821897875,-0.0633711062064966,0.9234799874874527,-1.3666496185716808,0.2129210304610436,2.1731727790504363,-0.4017603785427169,-1.3314043142339274,-0.6581314696902755,-0.2695701923103286,-3.1302691279074395,0.40577767127308,-0.358164944630162,-0.3157242558066198,2.303009312695211,-3.3539210687057945,1.8053878816982292,-0.0408642291776292
0.9127641596101784,1.0691184437168209,-1.0246900340296743,-1.0584866980062455,-1.189893205422015,-0.552981933991663,-0.0957394250276537,-0.6451273256833426,-0.0846595298324864,-1.406515416237598,1.5576012810688136,0.1278971692877201,-0.4264553268438311,-0.055791292466683,-0.0494087219078318,-1.2950323539419928,-0.5248801131015853,0.3013814457991094,0.2367644894091603,0.7432429960031933,-0.2465547956955199,-0.4717176739880223,-1.1282432200052048,0.3093399904296002,0.2333726381771647,-0.4387887487032193,-0.8136449936878553,-0.0999425862344942,-0.1321099880486907,0.173392519176791,-0.0408642291776292
1.497166781964716,-0.2902600312964006,0.4961046367226569,0.4371367514041325,-0.2947015284744431,0.4776122684489287,-0.7439180508776849,0.8248787445746864,-0.2400292418193079,-0.248521889901718,-0.5594551750691699,-0.8877294429324663,-0.3118601733168616,-0.2795765737076715,0.44783871073505,0.8724708745721899,-0.5063484022739152,-0.4121942665790857,0.1941038100992421,0.1902510071935091,-0.1567678833045352,0.4581395183669143,1.3753538350289656,-0.7554563923012,-0.0657407661022399,0.6231168544488049,-0.0282041670814115,-0.0154573822192308,0.3548634537834303,-0.2736540020042924,-0.0408642291776292
-0.4598911997655236,0.5656070185724542,0.1355892812460891,0.164828718353135,0.8712657243159327,-0.2287709224519862,-0.6847195201615965,0.2440028923742667,-0.1194357522664403,-0.0408674333515102,-0.0110678076937676,0.1647098307803779,0.0050855987658019,-1.0178816460446314,0.7509680300200199,1.190093819284401,-0.554828294296388,0.1947289929906415,-0.9736193507066112,-1.0398481012834049,-0.2383866150555869,0.061353780640392,0.1133315517916329,-0.0303355604058558,0.9790559214737932,1.0412410482748111,-0.7520867605939254,0.0165940937454418,0.06841673594588,-0.1975754221534827,-0.0408642291776292
0.5775561396665854,0.1011558491409178,0.1559428953247597,1.1449872060885606,0.4080358182399236,0.7571539992458071,0.5323816397592891,1.4358899935117428,-1.8942118144893028,2.115450204241018,2.7207643032849758,-0.2894841392581241,-1.1483277507476095,-0.3427886134955286,-2.175792159374355,2.40140200280796,-1.8507201308621468,-0.8945832226365021,0.2183671267152581,3.417183773370804,0.6534363547947482,-0.5408079502374219,0.5405876008035482,0.1610058469050295,0.7436512493207629,-4.067138646364632,-1.5801020441668383,-5.698511975301571,-5.22047349513357,-0.240466967959136,-0.0408642291776292
0.5655934508422601,-0.0611806091108209,0.333969715261816,-0.733975923014082,-0.753643341173328,2.07697323069148,2.670118355497304,0.1082666185092947,0.7581696528773865,-0.2475108656257781,0.0095310880407301,-0.0634215875702149,-0.0219770874625347,-0.2567599377763711,0.4115171074283945,0.7962698944365888,-0.6881619369615763,-0.0686871219387781,-0.8581056501496188,1.1590074625065336,0.1950911149067349,-0.3559635814377151,-0.9420628647378432,0.1127076824931242,1.1684966709459006,-0.912865232526129,0.7315532661478624,0.4474517920784505,0.2804589590866514,-0.3114736424865584,-0.0408642291776292
0.0363287146533626,0.950735267253514,-0.0146905455560984,-1.1085794266068585,1.0445979297832888,0.4106169996728825,-0.4352595043441765,0.3986813132952652,-0.2588096528238341,1.2471374687653003,0.0422395616134823,1.2181430963459137,-2.0462669381073484,0.5439107132411293,2.443352705775405,-2.004044209884752,-0.4905739179385708,0.3378629342627684,0.3951452110146171,-0.0406880703511863,-0.2785934829252764,-0.0434109974859809,0.1805930750990342,-0.1658197034004116,-0.7754430218673112,0.7520000738971103,-1.101591380229436,-0.171253582042334,-0.2147156245831581,-0.0019276727103767,-0.0408642291776292
1.2851660324829235,0.0963616548545852,-0.3364091805144931,-0.7807414948365268,-1.6772394904569985,-0.1618032222421778,-1.0616150497380088,1.2708438750253008,-0.6089337991797357,-2.7042700506122994,0.8253890099213311,-0.99066473629017,-1.0502996494908965,0.6550227831038301,0.087086002293679,-1.2492151495253307,-1.6892393122555531,0.8390804449811645,-0.4461649644117376,-0.4022418878281781,-0.028832701827639,0.4275826019171537,1.5245611965783965,0.0403543022634378,0.0559669717388813,0.9255737877709904,0.462317899871527,-0.1351910266529903,0.0595067442513326,0.4010691510557761,-0.0408642291776292
1.4146073802193724,-0.0639225734915916,0.5279520647384178,-0.7083637571232178,-0.9288670054832636,1.1649613160922587,-0.6083273856917951,1.2617291005009237,-0.1875103801815652,-0.5451875624976095,-0.2917831032532348,0.3135444149281076,0.2240313564637168,-0.5678426565028359,0.9922265686939842,-0.8379355150517198,-0.3406057792076217,-0.9730892194570916,0.4061324809630406,0.4090971534546113,0.0358470562648686,0.3861948518850465,1.198238531049716,-0.338756048033232,0.5314351711135797,-0.4949971654065686,0.1295681860447013,0.9394044719158662,0.8029151685136494,-0.2574798157367974,-0.0408642291776292
1.077904024172739,-0.0070147486348052,0.5460421586522646,1.410001049054844,1.883649988905088,0.2590117982081915,0.7783925849197351,0.2067779922975692,0.1627767924021327,-0.941649094455188,0.9594659752143172,0.0870626480969029,0.2617366913579427,0.566649731004879,-0.6292146559356738,-1.449076846906396,1.9938881960780528,-2.0248421938890053,0.890080969507505,-1.9896036936133523,-0.0960441722338834,0.1751094309494149,0.6770093075620607,0.0007956959498499,-0.6394255905639111,-1.4786710570771031,-0.5653559698713271,-0.1604810840427252,-0.4866283210382479,-0.2745725360392366,-0.0408642291776292
0.4761260175223064,-1.7202610675369543,-0.0812191665105471,-1.1865246745227085,0.6670703858079393,1.299965526319787,-0.1644973076952405,0.8699417039857306,-0.2215159619730612,-0.3793104603763705,1.1743575407105846,0.2792159299057035,0.5534399086243766,0.6465406969118376,0.5965518141412627,0.1514674850967005,-0.1022564222621361,-0.8881899937684499,0.4496308035990827,1.743809001019878,-2.3831774515654147,-0.444400209552753,1.0368760483659205,1.3110240895392504,-0.0906411447137268,0.1055859490924355,-1.095854799093048,-0.9197912656300076,1.2113033514876197,-0.113709271136842,-0.0408642291776292
-0.2142769795731272,0.6340651276449365,-0.2745769382175279,0.426081067993332,-0.6309021728963509,-0.5944258562192511,-0.0457207622715358,-0.5748821132780038,0.1491944499406424,1.780099906928753,-1.025171984721013,-0.7891476501354784,0.3213082562089692,-0.5906809417474966,-0.0308845012638082,1.7821100476902632,-0.6298099617973852,-0.03155362318168,-0.0134105538666711,0.4974950439663441,-0.2338257733863179,-0.0370513869690547,0.2469068603100501,-0.1047641070008395,-0.7555660356833507,0.9177123587845216,-1.2895206789701017,0.2618028407009383,0.0748497561899985,-0.3493332192312134,-0.0408642291776292
1.1155612206831147,1.046087117966069,0.1802415427280942,-1.0423936854447169,0.9781185493206194,0.3466459480861337,-0.8553962806338998,0.543331783401634,-0.3780779161318808,0.1161415427360413,0.2305271017122655,-0.8695305614030172,0.5985220842263975,0.2448362173180508,0.4521888682162169,-0.6301407937089928,-0.8761299174632896,-0.1852769073631998,-0.8671271876963512,-0.275895584891185,-0.3699801843718878,0.0712282708152656,0.5796612433640737,-0.0023023962703718,0.0093495688485514,0.9176619534435982,-1.017559232694829,-0.0294554180155485,-0.1914448845844374,-0.3493332192312134,-0.0408642291776292
1.5139313951762703,0.8975190780883486,-0.8240285911370182,-0.5173544705914533,-0.3289179263484472,-0.2881269788527093,1.0485299556381071,-0.8762781950240747,0.361796125942918,-0.0413676729727382,0.6209227452465503,0.9210891935535284,1.1002985364683475,0.627294226563728,0.0141940523933624,0.6200502894832224,-2.426519288732627,0.2700042375533676,0.9498461779195774,-2.265922005812014,-0.6269906399406163,0.2166473144134991,1.4309425595670664,0.0581432060387686,-2.307733361171936,-0.5207562928682151,0.0657093306594201,0.2152707026164407,-0.1380937018243601,0.0918027351163164,-0.0408642291776292
-1.66146747231025,0.4558899477927428,0.0675890758085051,0.3789546673647332,1.7934937364686216,-0.0184907760503678,0.2420694289672106,-0.001962972856726,0.0349272465535127,0.4351579688362545,0.3791215452657461,1.411063511816698,-2.443863620838136,1.079559240253996,2.10747230522459,-0.7637704757610855,1.438125870851389,-0.4673051774016519,0.7447103851850272,-0.754085684472227,0.1342294190661523,-0.4938497411777955,-1.7676354425482963,-0.0322132218395322,-0.8025873257775372,0.2424154899947365,-0.7386357120181435,-0.1711555231085204,0.0991772570836446,0.2627698744030968,-0.0408642291776292
1.0378879876124958,-1.4894651600232232,-0.51190258929506,0.3353400153925838,-0.3829995477446112,1.400794764012272,-0.8573214251878858,0.3763072956996284,-1.1790897958140645,0.689301492355311,0.9390482363374332,0.4940026163440325,-0.3450166036596305,-1.716015910040562,-0.0346962050050706,-0.5959682583385575,0.2273716129789185,-1.0607629961027556,-0.0981390823571339,0.8181247152689722,-1.759989356099254,-0.0972515194541001,-1.1273759923669038,0.8217132637747505,-0.5588718938134708,0.1656088142128728,0.4765787110046895,0.6682661618592494,-1.0393982684353884,-0.3139896270170577,-0.0408642291776292
-0.5834775695210529,-0.5741453927045574,0.7714497201592032,1.0447178978487064,0.5592097131795892,-0.7492109794980762,-0.1364136941964892,-0.2015785821785884,0.3587289509690465,-0.4882630641657928,0.3505069146779287,1.3679219035031969,0.5478512486691312,-0.003794822957443,0.4538866054484015,1.4278783721416335,-0.071591913844297,0.0732740893422486,0.9893947991821618,2.0430388014923606,0.0649903262579959,0.3932831170617011,1.1158275027128133,-0.1680201769169681,0.976836232912266,-0.9324427676158208,1.27236522336646,-2.183474814392133,-1.3717051915917104,-0.2820406171059564,-0.0408642291776292
0.964574396419756,-1.4598556952571884,-2.7925444928158285,-0.452860007324717,0.1379641983666281,3.21155364806377,-1.895790866948006,-1.4570325968340283,0.3615605202645631,0.7686546308534393,-0.2392578497184571,-0.3041191282346512,0.5342464659294994,-1.078102318155256,0.6601360818666856,-1.4377307148372531,-0.2467862489351948,-0.7431390696797667,0.5498545705562533,0.5683514799861059,1.5408580653140769,0.7432798267422519,0.1732682377059589,2.4104555634723828,0.1288156359558965,-3.259684246503165,-0.9764573571668,0.3295576279766747,1.3500160353976216,0.3310209468256867,-0.0408642291776292
-1.2252505516598544,-0.2089169628374761,0.5906589135933002,0.7497930556715319,-0.1207706539964295,0.2571196524371648,-0.013923741895433,0.3794174429899947,0.2392564112245358,-0.4625768019874678,-0.33435801967193,1.247515161961263,0.1390232065663839,-0.7771416426564332,-0.0595048184362704,0.6127745879432391,0.4813365904378412,-0.041789091794047,0.1390910169350317,-0.0370608009973095,0.0611586598181427,-0.2984383697821675,-0.8164834346583351,-0.0491817646593853,-0.6319166244170494,-0.4767251839760342,0.2223318700476322,0.6341634497784381,0.2405039644270293,-0.3430232897737709,-0.0408642291776292
0.9342675139933404,1.117284514789507,-0.2024880507625831,-1.4015627062886833,-1.2025574933934782,0.3336877138126667,-0.738284486101246,0.2777357204566583,-0.3480652764276995,1.309782021920877,-0.8306142657625472,-1.0404765714348212,0.9607182868077564,0.8770828992793096,0.2788767041243584,0.6801147121009077,-0.9973836811976652,-0.3892341490666291,-0.5181311381529334,1.551496927931294,-0.1378851742008361,-0.230460802533146,-0.327528418957526,0.1374661350353513,0.2218018027166249,0.5018551526722058,-0.6433762934643462,-0.0817403277365636,-0.1884433228801537,-0.312911347932558,-0.0408642291776292
